row_id,interaction_id,span_id,status,override_active,override_project_id,reason_codes,transcript_snippet
"81357cc3-53b1-4736-b6bb-037049015213","cll_SHADOW_DEV1_HOMEOVR2_A_1771178253","e78b4f64-6113-4a8a-a9dd-8656192402c4","pending","","","weak_anchor","is on thursday you just tell me where you want that driveway to stop Lou Winship: yep Zack Sittler: and then i'll just just cut that little section of concrete off Lou Winship: well Lou Winship: okay well i Lou Winship: my question to you is Lou Winship: would it be helpful i can come out this afternoon Lou Winship: and a plan i feel like it would be important for me to be there since my lighting man is coming tomorrow it might be helpful for me to be there while he's there Lou "
"8724afec-d315-4b12-b16d-0c01a5c4d997","cll_SHADOW_DEV1_HOMEOVR2_A_1771178253","4cde0a16-fdcc-42a1-a41f-4c13888fbb3e","pending","","","weak_anchor;bizdev_without_commitment","Zack Sittler: but Lou Winship: that and i don't even know if anything made it into the drawings that y'all have i don't even know where we are in the drawing Zack Sittler: i mean they just know the width of the driveway the same the whole way around but it's not even close to that Zack Sittler: in Zack Sittler: reality Zack Sittler: as is Zack Sittler: the driveway is not consistent Lou Winship: which i pointed out to them that is very apparent if if you spent any time out there and even looking at their drawing Zack Sittler: and Zack Sittler: right Zack Sittler: yeah Zack Sittler: so so reall"
"1f402f41-9b34-4553-8256-3855785f3ea2","cll_SHADOW_DEV1_HOMEOVR2_A_1771178253","56005593-0eaf-4f56-83e7-edf33617a422","pending","","","weak_anchor","Lou Winship: good morn good morning zach Zack Sittler: good morning how are you Lou Winship: i'm Lou Winship: good i may have been a bad girl this morning Zack Sittler: oh yeah Lou Winship: oh yeah Lou Winship: whoo i blasted ginger Zack Sittler: oh really Lou Winship: yeah Lou Winship: i'm so i'm like it's it's Lou Winship: gone from disappointment to just i'm just mad Zack Sittler: yeah Lou Winship: i'm just mad because when i went out there to look Lou Winship: at the walkway Lou Winship: from yesterday i went by and the Lou Winship: walkway from Lou Winship: the atrium Lou Winship: to the "
"9bc750af-4e65-405b-97be-bb4fb7dad0a4","cll_SHADOW_DEV1_HOMEOVR2_A_1771178253","ab1d21f7-0d93-45db-82f5-fe9bd4ad0137","pending","","","weak_anchor","Winship: so i can make myself available Lou Winship: to come Lou Winship: whenever y'all need me at this point you know they're clearly not coming i mean i just said ginger i mean do you have no Lou Winship: intention of Lou Winship: like being out there to to Lou Winship: i mean it's like they're not even interested they it's i don't know bizarre Lou Winship: and once that brick thing came up she should care enough Zack Sittler: yeah Lou Winship: because i do Lou Winship: about what that brick is Zack Sittler: right Lou Winship: and and there's just no indication Lou Winship: when i called he"
"7aef3f3a-2df3-4b22-9b11-666b30a6bb58","cll_SHADOW_DEV1_HOMEOVR3_A_1771178700","0b563de2-072b-4736-8ea4-653eca5a2d8a","pending",true,"310a3768-d7c0-4e72-88d0-aa67bf4d1b05","bizdev_without_commitment"," because really what what me you and zach gibbons need to decide Lou Winship: yes Zack Sittler: is is Zack Sittler: the width what's the walkway is easy to adjust for what we need to decide is how wide you want the driveway Zack Sittler: in each spot because the way we have it drawn they have the the driveway at it's like fourteen feet six so roughly Lou Winship: yes Zack Sittler: the whole way Zack Sittler: but Lou Winship: and i don't even know if they because we had conversation with them around Zack Sittler: but Lou Winship: that and i don't even know if anything made it into the drawings "
"41a2b444-e7e3-4e26-8cda-4cff20c2620d","cll_SHADOW_DEV1_HOMEOVR3A2_1771179001","66d1b213-2097-4c0c-863c-d67203b1e654","pending",true,"310a3768-d7c0-4e72-88d0-aa67bf4d1b05","bizdev_without_commitment"," know if they because we had conversation with them around Zack Sittler: but Lou Winship: that and i don't even know if anything made it into the drawings that y'all have i don't even know where we are in the drawing Zack Sittler: i mean they just know the width of the driveway the same the whole way around but it's not even close to that Zack Sittler: in Zack Sittler: reality Zack Sittler: as is Zack Sittler: the driveway is not consistent Lou Winship: which i pointed out to them that is very apparent if if you spent any time out there and even looking at their drawing Zack Sittler: and Zack "
"876f83f6-6798-4121-8f38-d9d31e700e7c","cll_06E4600Y4SSKD9MFM63EPB9MCW","05e79573-2532-4d85-af9c-5c7662f4bb77","dismissed",true,"310a3768-d7c0-4e72-88d0-aa67bf4d1b05","bizdev_without_commitment"," yes Zack Sittler: the whole way Zack Sittler: but Lou Winship: and i don't even know if they because we had conversation with them around Zack Sittler: but Lou Winship: that and i don't even know if anything made it into the drawings that y'all have i don't even know where we are in the drawing Zack Sittler: i mean they just know the width of the driveway the same the whole way around but it's not even close to that Zack Sittler: in Zack Sittler: reality Zack Sittler: as is Zack Sittler: the driveway is not consistent Lou Winship: which i pointed out to them that is very apparent if if you sp"
"2cc25f35-3dbc-4eb8-ace8-d298719a9dfb","cll_06E4600Y4SSKD9MFM63EPB9MCW","d5351002-1140-4c4a-88e2-9334eebe5828","pending",true,"310a3768-d7c0-4e72-88d0-aa67bf4d1b05","bizdev_without_commitment","Zack Sittler: in Zack Sittler: reality Zack Sittler: as is Zack Sittler: the driveway is not consistent Lou Winship: which i pointed out to them that is very apparent if if you spent any time out there and even looking at their drawing Zack Sittler: and Zack Sittler: right Zack Sittler: yeah Zack Sittle r: so so really what we kinda need to do is just make that decision of do you want it to be the same or do you want it to be like to me it almost makes sense of maybe making it a little wider out by the house and a little wider on the turned areas but maybe it's the same as you enter from both"
"2ab41873-bcdc-41c4-b95d-b2d3b1059a6b","cll_06E4600Y4SSKD9MFM63EPB9MCW","4f1423a6-b2c3-49f9-8ffc-9cc7dc4251df","dismissed",true,"310a3768-d7c0-4e72-88d0-aa67bf4d1b05","bizdev_without_commitment","with them around Zack Sittler: but Lou Winship: that and i don't even know if anything made it into the drawings that y'all have i don't even know where we are in the drawing Zack Sittler: i mean they just know the width of the driveway the same the whole way around but it's not even close to that Zack Sittler: in Zack Sittler: reality Zack Sittler: as is Zack Sittler: the driveway is not consistent Lou Winship: which i pointed out to them that is very apparent if if you spent any time out there and even looking at their drawing Zack Sittler: and Zack Sittler: right Zack Sittler: yeah Zack Sit"
