row_id,interaction_id,span_id,status,override_active,override_project_id,eligible_homeowner_override,multi_project_exception,before_reason_codes,before_blockers,before_failed,after_expected_decision,after_expected_project_id,after_failed,note
81357cc3-53b1-4736-b6bb-037049015213,cll_SHADOW_DEV1_HOMEOVR2_A_1771178253,e78b4f64-6113-4a8a-a9dd-8656192402c4,pending,False,,False,False,weak_anchor,weak_anchor,False,pending,,False,not eligible homeowner override row
8724afec-d315-4b12-b16d-0c01a5c4d997,cll_SHADOW_DEV1_HOMEOVR2_A_1771178253,4cde0a16-fdcc-42a1-a41f-4c13888fbb3e,pending,False,,False,False,weak_anchor;bizdev_without_commitment,bizdev_without_commitment;weak_anchor,False,pending,,False,not eligible homeowner override row
1f402f41-9b34-4553-8256-3855785f3ea2,cll_SHADOW_DEV1_HOMEOVR2_A_1771178253,56005593-0eaf-4f56-83e7-edf33617a422,pending,False,,False,False,weak_anchor,weak_anchor,False,pending,,False,not eligible homeowner override row
9bc750af-4e65-405b-97be-bb4fb7dad0a4,cll_SHADOW_DEV1_HOMEOVR2_A_1771178253,ab1d21f7-0d93-45db-82f5-fe9bd4ad0137,pending,False,,False,False,weak_anchor,weak_anchor,False,pending,,False,not eligible homeowner override row
7aef3f3a-2df3-4b22-9b11-666b30a6bb58,cll_SHADOW_DEV1_HOMEOVR3_A_1771178700,0b563de2-072b-4736-8ea4-653eca5a2d8a,pending,True,310a3768-d7c0-4e72-88d0-aa67bf4d1b05,True,False,bizdev_without_commitment,bizdev_without_commitment,True,assign,310a3768-d7c0-4e72-88d0-aa67bf4d1b05,False,deterministic homeowner gate force-assigns project
41a2b444-e7e3-4e26-8cda-4cff20c2620d,cll_SHADOW_DEV1_HOMEOVR3A2_1771179001,66d1b213-2097-4c0c-863c-d67203b1e654,pending,True,310a3768-d7c0-4e72-88d0-aa67bf4d1b05,True,False,bizdev_without_commitment,bizdev_without_commitment,True,assign,310a3768-d7c0-4e72-88d0-aa67bf4d1b05,False,deterministic homeowner gate force-assigns project
876f83f6-6798-4121-8f38-d9d31e700e7c,cll_06E4600Y4SSKD9MFM63EPB9MCW,05e79573-2532-4d85-af9c-5c7662f4bb77,dismissed,True,310a3768-d7c0-4e72-88d0-aa67bf4d1b05,True,False,bizdev_without_commitment,bizdev_without_commitment,True,assign,310a3768-d7c0-4e72-88d0-aa67bf4d1b05,False,deterministic homeowner gate force-assigns project
2cc25f35-3dbc-4eb8-ace8-d298719a9dfb,cll_06E4600Y4SSKD9MFM63EPB9MCW,d5351002-1140-4c4a-88e2-9334eebe5828,pending,True,310a3768-d7c0-4e72-88d0-aa67bf4d1b05,True,False,bizdev_without_commitment,bizdev_without_commitment,True,assign,310a3768-d7c0-4e72-88d0-aa67bf4d1b05,False,deterministic homeowner gate force-assigns project
2ab41873-bcdc-41c4-b95d-b2d3b1059a6b,cll_06E4600Y4SSKD9MFM63EPB9MCW,4f1423a6-b2c3-49f9-8ffc-9cc7dc4251df,dismissed,True,310a3768-d7c0-4e72-88d0-aa67bf4d1b05,True,False,bizdev_without_commitment,bizdev_without_commitment,True,assign,310a3768-d7c0-4e72-88d0-aa67bf4d1b05,False,deterministic homeowner gate force-assigns project
